"driverid","driver","driver_with_most_fastest_lap","fastest_lap"
1,"Lewis Hamilton","66","00:01:07.058"
30,"Michael Schumacher","54","00:01:08.337"
8,"Kimi Räikkönen","45","00:01:06.957"
20,"Sebastian Vettel","38","00:01:15.192"
830,"Max Verstappen","34","00:01:06.2"
4,"Fernando Alonso","26","00:01:07.694"
57,"Mika Häkkinen","25","00:01:12.107"
3,"Nico Rosberg","20","00:01:11.235"
17,"Mark Webber","19","00:01:13.733"
822,"Valtteri Bottas","19","00:01:10.54"
22,"Rubens Barrichello","17","00:01:10.399"
817,"Daniel Ricciardo","16","00:01:18.063"
13,"Felipe Massa","15","00:01:13.736"
14,"David Coulthard","14","00:01:10.843"
31,"Juan Pablo Montoya","13","00:01:11.473"
815,"Sergio Pérez","11","00:01:11.01"
844,"Charles Leclerc","9","00:01:19.232"
35,"Jacques Villeneuve","9","00:01:11.814"
18,"Jenson Button","8","00:01:16.956"
23,"Ralf Schumacher","7","00:01:15.693"
846,"Lando Norris","7","00:01:07.475"
847,"George Russell","7","00:00:55.404"
49,"Heinz-Harald Frentzen","6","00:01:18.372"
71,"Damon Hill","5","00:01:20.093"
857,"Oscar Piastri","3","00:01:25.072"
832,"Carlos Sainz","3","00:01:05.619"
842,"Pierre Gasly","3","00:01:14.279"
77,"Gerhard Berger","3","00:01:27.981"
2,"Nick Heidfeld","2","00:01:15.987"
55,"Jean Alesi","2","00:01:25.205"
825,"Kevin Magnussen","2","00:01:41.905"
5,"Heikki Kovalainen","2","00:01:27.418"
155,"Kamui Kobayashi","2","00:01:34.608"
855,"Guanyu Zhou","2","00:01:33.996"
807,"Nico Hülkenberg","2","00:01:39.824"
21,"Giancarlo Fisichella","2","00:01:15.641"
826,"Daniil Kvyat","1","00:01:26.948"
154,"Romain Grosjean","1","00:01:26.25"
811,"Bruno Senna","1","00:01:52.822"
808,"Vitaly Petrov","1","00:01:29.165"
37,"Pedro de la Rosa","1","00:01:31.447"
9,"Robert Kubica","1","00:01:16.972"
10,"Timo Glock","1","00:01:38.683"
852,"Yuki Tsunoda","1","00:01:38.139"
821,"Esteban Gutiérrez","1","00:01:26.217"
15,"Jarno Trulli","1","00:01:34.556"
16,"Adrian Sutil","1","00:01:24.739"
56,"Eddie Irvine","1","00:01:20.382"
25,"Alexander Wurz","1","00:01:28.179"
